DateTime,Hour,911_10,911_15,911_20,911_40,911_60,911_120,911_121,911_AB,911_T,911_PCT_10,911_PCT_15,911_PCT_20,911_PCT_40,911_PCT_AB,ADM_10,ADM_15,ADM_20,ADM_40,ADM_60,ADM_120,ADM_121,ADM_AB,ADM_T,Total,ADM_PCT_10,PCT_ADM_15,ADM_PCT_20,ADM_PCT_40,ADM_PCT_AB,TTL_PCT_10,TTL_PCT_15,TTL_PCT_20,TTL_PCT_40,TTL_PCT_AB,T_RECD,T_AB
12/28/2025 00:00,00,8,0,0,0,0,0,0,0,8,1,1,1,1,0,7,1,0,0,0,0,0,0,8,16,0.875,1,1,1,0,0.9375,1,1,1,0,16,0
12/28/2025 01:00,01,10,1,0,0,0,0,0,1,12,0.9091,1,1,1,0.0833,10,3,0,1,0,1,0,1,16,28,0.6667,0.8667,0.8667,0.9333,0.0625,0.7692,0.9231,0.9231,0.9615,0.0714,26,2
12/28/2025 02:00,02,5,0,0,0,0,0,0,0,5,1,1,1,1,0,4,2,0,0,0,0,0,0,6,11,0.6667,1,1,1,0,0.8182,1,1,1,0,11,0
12/28/2025 03:00,03,2,0,0,0,0,0,0,0,2,1,1,1,1,0,4,0,0,0,0,0,0,0,4,6,1,1,1,1,0,1,1,1,1,0,6,0
12/28/2025 04:00,04,4,0,0,0,0,0,0,0,4,1,1,1,1,0,4,1,0,0,0,0,0,0,5,9,0.8,1,1,1,0,0.8889,1,1,1,0,9,0
12/28/2025 05:00,05,0,0,0,0,0,0,0,0,0,0,0,0,0,0,5,0,0,0,0,0,0,0,5,5,1,1,1,1,0,1,1,1,1,0,5,0
12/28/2025 06:00,06,4,0,0,0,0,0,0,0,4,1,1,1,1,0,4,0,0,0,0,0,0,0,4,8,1,1,1,1,0,1,1,1,1,0,8,0
12/28/2025 07:00,07,7,0,0,0,0,0,0,0,7,1,1,1,1,0,5,1,0,0,0,0,0,0,6,13,0.8333,1,1,1,0,0.9231,1,1,1,0,13,0
12/28/2025 08:00,08,11,0,0,0,0,0,0,2,13,1,1,1,1,0.1538,14,0,0,0,0,0,0,0,14,27,1,1,1,1,0,1,1,1,1,0.0741,25,2
12/28/2025 09:00,09,4,0,0,0,0,0,0,2,6,1,1,1,1,0.3333,9,0,0,0,0,0,0,0,9,15,1,1,1,1,0,1,1,1,1,0.1333,13,2
12/28/2025 10:00,10,5,0,0,0,0,0,0,1,6,1,1,1,1,0.1667,11,0,0,0,0,0,0,0,11,17,1,1,1,1,0,1,1,1,1,0.0588,16,1
12/28/2025 11:00,11,2,0,0,0,0,0,0,0,2,1,1,1,1,0,16,0,0,0,0,0,0,0,16,18,1,1,1,1,0,1,1,1,1,0,18,0
12/28/2025 12:00,12,6,0,0,0,0,0,0,0,6,1,1,1,1,0,6,0,0,0,0,0,0,0,6,12,1,1,1,1,0,1,1,1,1,0,12,0
12/28/2025 13:00,13,4,0,0,0,0,0,0,2,6,1,1,1,1,0.3333,15,0,0,1,0,0,0,0,16,22,0.9375,0.9375,0.9375,1,0,0.95,0.95,0.95,1,0.0909,20,2
12/28/2025 14:00,14,5,0,0,1,0,0,0,0,6,0.8333,0.8333,0.8333,1,0,11,0,0,0,0,0,0,0,11,17,1,1,1,1,0,0.9412,0.9412,0.9412,1,0,17,0
12/28/2025 15:00,15,9,0,0,1,0,0,0,0,10,0.9,0.9,0.9,1,0,4,0,0,1,0,0,0,0,5,15,0.8,0.8,0.8,1,0,0.8667,0.8667,0.8667,1,0,15,0
12/28/2025 16:00,16,5,0,0,0,0,0,0,0,5,1,1,1,1,0,13,0,0,0,0,0,0,0,13,18,1,1,1,1,0,1,1,1,1,0,18,0
12/28/2025 17:00,17,8,0,0,0,0,0,0,0,8,1,1,1,1,0,12,0,0,0,0,0,0,0,12,20,1,1,1,1,0,1,1,1,1,0,20,0
12/28/2025 18:00,18,3,1,0,0,0,0,0,1,5,0.75,1,1,1,0.2,12,0,0,0,0,0,0,0,12,17,1,1,1,1,0,0.9375,1,1,1,0.0588,16,1
12/28/2025 19:00,19,8,0,0,0,0,0,0,2,10,1,1,1,1,0.2,12,0,0,0,0,0,0,0,12,22,1,1,1,1,0,1,1,1,1,0.0909,20,2
12/28/2025 20:00,20,9,0,0,0,0,0,0,0,9,1,1,1,1,0,13,0,0,0,0,0,0,0,13,22,1,1,1,1,0,1,1,1,1,0,22,0
12/28/2025 21:00,21,7,0,0,0,0,0,0,2,9,1,1,1,1,0.2222,9,0,0,0,0,0,0,0,9,18,1,1,1,1,0,1,1,1,1,0.1111,16,2
12/28/2025 22:00,22,7,1,0,0,0,0,0,1,9,0.875,1,1,1,0.1111,13,1,0,0,0,0,0,0,14,23,0.9286,1,1,1,0,0.9091,1,1,1,0.0435,22,1
12/28/2025 23:00,23,2,1,0,0,0,0,0,1,4,0.6667,1,1,1,0.25,8,0,0,0,0,0,0,0,8,12,1,1,1,1,0,0.9091,1,1,1,0.0833,11,1
12/29/2025 00:00,00,7,1,0,0,0,0,0,0,8,0.875,1,1,1,0,8,0,0,0,0,0,0,0,8,16,1,1,1,1,0,0.9375,1,1,1,0,16,0
12/29/2025 01:00,01,5,0,0,0,0,0,0,0,5,1,1,1,1,0,6,0,0,0,0,0,0,0,6,11,1,1,1,1,0,1,1,1,1,0,11,0
12/29/2025 02:00,02,0,0,0,0,0,0,0,0,0,0,0,0,0,0,8,0,0,0,0,0,0,0,8,8,1,1,1,1,0,1,1,1,1,0,8,0
12/29/2025 03:00,03,3,0,0,0,0,0,0,0,3,1,1,1,1,0,6,0,0,0,0,0,0,0,6,9,1,1,1,1,0,1,1,1,1,0,9,0
12/29/2025 04:00,04,2,0,0,0,0,0,0,0,2,1,1,1,1,0,6,0,0,0,0,0,0,0,6,8,1,1,1,1,0,1,1,1,1,0,8,0
12/29/2025 05:00,05,2,0,0,0,0,0,0,0,2,1,1,1,1,0,8,0,1,0,0,0,0,0,9,11,0.8889,0.8889,1,1,0,0.9091,0.9091,1,1,0,11,0
12/29/2025 06:00,06,4,0,0,0,0,0,0,0,4,1,1,1,1,0,7,4,2,0,0,0,0,0,13,17,0.5385,0.8462,1,1,0,0.6471,0.8824,1,1,0,17,0
12/29/2025 07:00,07,3,0,0,0,0,0,0,1,4,1,1,1,1,0.25,22,8,0,0,0,0,0,0,30,34,0.7333,1,1,1,0,0.7576,1,1,1,0.0294,33,1
12/29/2025 08:00,08,5,0,0,0,0,0,0,0,5,1,1,1,1,0,12,8,0,1,0,0,0,1,22,27,0.5714,0.9524,0.9524,1,0.0455,0.6538,0.9615,0.9615,1,0.037,26,1
12/29/2025 09:00,09,4,0,0,0,0,0,0,2,6,1,1,1,1,0.3333,12,6,2,1,0,0,0,0,21,27,0.5714,0.8571,0.9524,1,0,0.64,0.88,0.96,1,0.0741,25,2
12/29/2025 10:00,10,7,2,0,0,0,0,0,0,9,0.7778,1,1,1,0,10,9,8,0,1,0,0,0,28,37,0.3571,0.6786,0.9643,0.9643,0,0.4595,0.7568,0.973,0.973,0,37,0
12/29/2025 11:00,11,9,1,0,1,0,0,0,3,14,0.8182,0.9091,0.9091,1,0.2143,17,10,4,1,0,1,0,1,34,48,0.5152,0.8182,0.9394,0.9697,0.0294,0.5909,0.8409,0.9318,0.9773,0.0833,44,4
12/29/2025 12:00,12,8,3,1,0,0,0,0,1,13,0.6667,0.9167,1,1,0.0769,17,10,0,1,1,0,0,0,29,42,0.5862,0.931,0.931,0.9655,0,0.6098,0.9268,0.9512,0.9756,0.0238,41,1
12/29/2025 13:00,13,8,0,1,1,1,0,0,4,15,0.7273,0.7273,0.8182,0.9091,0.2667,21,6,2,0,0,0,0,0,29,44,0.7241,0.931,1,1,0,0.725,0.875,0.95,0.975,0.0909,40,4
12/29/2025 14:00,14,10,2,0,0,0,0,0,2,14,0.8333,1,1,1,0.1429,15,8,4,5,1,0,0,0,33,47,0.4545,0.697,0.8182,0.9697,0,0.5556,0.7778,0.8667,0.9778,0.0426,45,2
12/29/2025 15:00,15,8,0,0,1,0,0,0,0,9,0.8889,0.8889,0.8889,1,0,19,4,1,1,0,0,0,0,25,34,0.76,0.92,0.96,1,0,0.7941,0.9118,0.9412,1,0,34,0
12/29/2025 16:00,16,17,2,1,1,1,0,0,3,25,0.7727,0.8636,0.9091,0.9545,0.12,32,1,1,3,0,0,0,1,38,63,0.8649,0.8919,0.9189,1,0.0263,0.8305,0.8814,0.9153,0.9831,0.0635,59,4
12/29/2025 17:00,17,9,1,1,0,0,0,0,2,13,0.8182,0.9091,1,1,0.1538,23,3,1,0,0,0,0,0,27,40,0.8519,0.963,1,1,0,0.8421,0.9474,1,1,0.05,38,2
12/29/2025 18:00,18,15,1,0,1,0,0,0,1,18,0.8824,0.9412,0.9412,1,0.0556,23,1,1,0,1,2,0,1,29,47,0.8214,0.8571,0.8929,0.8929,0.0345,0.8444,0.8889,0.9111,0.9333,0.0426,45,2
12/29/2025 19:00,19,6,0,1,1,0,0,0,2,10,0.75,0.75,0.875,1,0.2,21,5,0,1,0,0,0,0,27,37,0.7778,0.963,0.963,1,0,0.7714,0.9143,0.9429,1,0.0541,35,2
12/29/2025 20:00,20,9,2,0,0,0,0,0,0,11,0.8182,1,1,1,0,9,2,0,1,0,0,0,0,12,23,0.75,0.9167,0.9167,1,0,0.7826,0.9565,0.9565,1,0,23,0
12/29/2025 21:00,21,4,0,0,0,0,0,0,0,4,1,1,1,1,0,9,2,1,0,0,0,0,0,12,16,0.75,0.9167,1,1,0,0.8125,0.9375,1,1,0,16,0
12/29/2025 22:00,22,5,0,0,0,0,0,0,2,7,1,1,1,1,0.2857,10,2,1,0,0,0,0,0,13,20,0.7692,0.9231,1,1,0,0.8333,0.9444,1,1,0.1,18,2
12/29/2025 23:00,23,6,0,0,0,0,0,0,2,8,1,1,1,1,0.25,6,3,0,0,0,0,0,0,9,17,0.6667,1,1,1,0,0.8,1,1,1,0.1176,15,2
12/30/2025 00:00,00,5,0,1,0,0,0,0,2,8,0.8333,0.8333,1,1,0.25,10,0,1,0,0,0,0,0,11,19,0.9091,0.9091,1,1,0,0.8824,0.8824,1,1,0.1053,17,2
12/30/2025 01:00,01,2,0,0,0,0,0,0,0,2,1,1,1,1,0,7,1,0,0,0,0,0,0,8,10,0.875,1,1,1,0,0.9,1,1,1,0,10,0
12/30/2025 02:00,02,4,0,0,0,0,0,0,0,4,1,1,1,1,0,6,0,0,1,0,0,0,0,7,11,0.8571,0.8571,0.8571,1,0,0.9091,0.9091,0.9091,1,0,11,0
12/30/2025 03:00,03,5,0,0,0,0,0,0,0,5,1,1,1,1,0,5,3,0,0,0,0,0,0,8,13,0.625,1,1,1,0,0.7692,1,1,1,0,13,0
12/30/2025 04:00,04,2,0,0,0,0,0,0,0,2,1,1,1,1,0,6,3,0,1,0,0,0,1,11,13,0.6,0.9,0.9,1,0.0909,0.6667,0.9167,0.9167,1,0.0769,12,1
12/30/2025 05:00,05,2,1,0,0,0,0,0,0,3,0.6667,1,1,1,0,9,0,0,0,0,0,0,0,9,12,1,1,1,1,0,0.9167,1,1,1,0,12,0
12/30/2025 06:00,06,0,0,0,0,0,0,0,0,0,0,0,0,0,0,8,1,0,0,0,0,0,0,9,9,0.8889,1,1,1,0,0.8889,1,1,1,0,9,0
12/30/2025 07:00,07,4,0,1,0,0,0,0,1,6,0.8,0.8,1,1,0.1667,10,6,1,0,0,0,0,0,17,23,0.5882,0.9412,1,1,0,0.6364,0.9091,1,1,0.0435,22,1
12/30/2025 08:00,08,1,1,0,0,0,0,0,0,2,0.5,1,1,1,0,18,5,1,1,0,0,0,0,25,27,0.72,0.92,0.96,1,0,0.7037,0.9259,0.963,1,0,27,0
12/30/2025 09:00,09,7,2,0,1,0,0,0,0,10,0.7,0.9,0.9,1,0,35,7,4,6,0,0,0,2,54,64,0.6731,0.8077,0.8846,1,0.037,0.6774,0.8226,0.8871,1,0.0313,62,2
12/30/2025 10:00,10,6,0,0,0,0,0,0,0,6,1,1,1,1,0,18,2,2,5,0,0,0,1,28,34,0.6667,0.7407,0.8148,1,0.0357,0.7273,0.7879,0.8485,1,0.0294,33,1
12/30/2025 11:00,11,6,0,0,0,0,0,0,1,7,1,1,1,1,0.1429,28,10,2,0,0,0,0,0,40,47,0.7,0.95,1,1,0,0.7391,0.9565,1,1,0.0213,46,1
12/30/2025 12:00,12,2,0,0,0,0,0,0,0,2,1,1,1,1,0,26,7,2,1,0,0,0,0,36,38,0.7222,0.9167,0.9722,1,0,0.7368,0.9211,0.9737,1,0,38,0
12/30/2025 13:00,13,6,0,0,0,0,0,0,1,7,1,1,1,1,0.1429,18,5,4,0,0,0,0,0,27,34,0.6667,0.8519,1,1,0,0.7273,0.8788,1,1,0.0294,33,1
12/30/2025 14:00,14,6,2,0,0,0,0,0,2,10,0.75,1,1,1,0.2,17,7,0,1,1,0,0,0,26,36,0.6538,0.9231,0.9231,0.9615,0,0.6765,0.9412,0.9412,0.9706,0.0556,34,2
12/30/2025 15:00,15,10,0,0,0,0,0,0,0,10,1,1,1,1,0,13,11,2,5,0,0,0,2,33,43,0.4194,0.7742,0.8387,1,0.0606,0.561,0.8293,0.878,1,0.0465,41,2
12/30/2025 16:00,16,8,1,0,2,0,0,0,1,12,0.7273,0.8182,0.8182,1,0.0833,23,4,2,2,0,0,0,1,32,44,0.7419,0.871,0.9355,1,0.0313,0.7381,0.8571,0.9048,1,0.0455,42,2
12/30/2025 17:00,17,8,5,1,0,0,0,0,3,17,0.5714,0.9286,1,1,0.1765,18,2,2,0,0,0,0,0,22,39,0.8182,0.9091,1,1,0,0.7222,0.9167,1,1,0.0769,36,3
12/30/2025 18:00,18,10,0,0,0,0,0,0,1,11,1,1,1,1,0.0909,15,4,0,1,0,0,0,0,20,31,0.75,0.95,0.95,1,0,0.8333,0.9667,0.9667,1,0.0323,30,1
12/30/2025 19:00,19,6,2,0,0,0,0,0,2,10,0.75,1,1,1,0.2,10,0,0,2,0,0,0,0,12,22,0.8333,0.8333,0.8333,1,0,0.8,0.9,0.9,1,0.0909,20,2
12/30/2025 20:00,20,12,0,0,1,0,1,0,0,14,0.8571,0.8571,0.8571,0.9286,0,7,1,0,0,0,0,0,0,8,22,0.875,1,1,1,0,0.8636,0.9091,0.9091,0.9545,0,22,0
12/30/2025 21:00,21,2,0,0,0,0,0,0,1,3,1,1,1,1,0.3333,15,0,0,0,0,0,0,0,15,18,1,1,1,1,0,1,1,1,1,0.0556,17,1
12/30/2025 22:00,22,11,1,0,1,0,0,0,0,13,0.8462,0.9231,0.9231,1,0,9,1,0,0,1,1,0,2,14,27,0.75,0.8333,0.8333,0.8333,0.1429,0.8,0.88,0.88,0.92,0.0741,25,2
12/30/2025 23:00,23,5,0,0,0,0,0,0,0,5,1,1,1,1,0,10,0,0,1,0,0,0,0,11,16,0.9091,0.9091,0.9091,1,0,0.9375,0.9375,0.9375,1,0,16,0
12/31/2025 00:00,00,2,1,0,0,0,0,0,0,3,0.6667,1,1,1,0,4,1,0,1,1,1,0,2,10,13,0.5,0.625,0.625,0.75,0.2,0.5455,0.7273,0.7273,0.8182,0.1538,11,2
12/31/2025 01:00,01,2,0,0,0,0,0,0,0,2,1,1,1,1,0,5,1,0,0,0,0,0,0,6,8,0.8333,1,1,1,0,0.875,1,1,1,0,8,0
12/31/2025 02:00,02,3,0,0,0,0,0,0,0,3,1,1,1,1,0,7,1,1,1,0,1,0,1,12,15,0.6364,0.7273,0.8182,0.9091,0.0833,0.7143,0.7857,0.8571,0.9286,0.0667,14,1
12/31/2025 03:00,03,5,0,1,0,0,0,0,1,7,0.8333,0.8333,1,1,0.1429,5,1,0,1,0,0,0,0,7,14,0.7143,0.8571,0.8571,1,0,0.7692,0.8462,0.9231,1,0.0714,13,1
12/31/2025 04:00,04,0,0,0,0,0,0,0,0,0,0,0,0,0,0,8,1,0,0,0,0,0,0,9,9,0.8889,1,1,1,0,0.8889,1,1,1,0,9,0
12/31/2025 05:00,05,3,0,0,0,0,0,0,0,3,1,1,1,1,0,2,3,0,0,0,0,0,0,5,8,0.4,1,1,1,0,0.625,1,1,1,0,8,0
12/31/2025 06:00,06,1,0,0,0,0,0,0,1,2,1,1,1,1,0.5,9,2,1,0,0,0,0,0,12,14,0.75,0.9167,1,1,0,0.7692,0.9231,1,1,0.0714,13,1
12/31/2025 07:00,07,10,0,0,0,0,0,0,0,10,1,1,1,1,0,11,2,0,0,0,0,0,0,13,23,0.8462,1,1,1,0,0.913,1,1,1,0,23,0
12/31/2025 08:00,08,3,0,0,0,0,0,0,1,4,1,1,1,1,0.25,20,2,0,0,0,0,0,0,22,26,0.9091,1,1,1,0,0.92,1,1,1,0.0385,25,1
12/31/2025 09:00,09,4,1,0,0,0,0,0,3,8,0.8,1,1,1,0.375,20,3,0,0,0,0,0,0,23,31,0.8696,1,1,1,0,0.8571,1,1,1,0.0968,28,3
12/31/2025 10:00,10,7,0,0,0,0,0,0,3,10,1,1,1,1,0.3,27,1,1,0,0,0,0,1,30,40,0.931,0.9655,1,1,0.0333,0.9444,0.9722,1,1,0.1,36,4
12/31/2025 11:00,11,12,0,0,0,0,0,0,1,13,1,1,1,1,0.0769,19,6,1,4,0,0,0,0,30,43,0.6333,0.8333,0.8667,1,0,0.7381,0.881,0.9048,1,0.0233,42,1
12/31/2025 12:00,12,9,0,0,0,0,0,0,1,10,1,1,1,1,0.1,17,11,1,0,0,0,0,1,30,40,0.5862,0.9655,1,1,0.0333,0.6842,0.9737,1,1,0.05,38,2
12/31/2025 13:00,13,8,1,0,0,0,0,0,0,9,0.8889,1,1,1,0,16,6,0,0,0,0,0,0,22,31,0.7273,1,1,1,0,0.7742,1,1,1,0,31,0
12/31/2025 14:00,14,11,0,0,0,0,0,0,1,12,1,1,1,1,0.0833,30,4,0,1,0,0,0,1,36,48,0.8571,0.9714,0.9714,1,0.0278,0.8913,0.9783,0.9783,1,0.0417,46,2
12/31/2025 15:00,15,7,0,0,0,0,0,0,2,9,1,1,1,1,0.2222,13,4,0,0,0,0,0,0,17,26,0.7647,1,1,1,0,0.8333,1,1,1,0.0769,24,2
12/31/2025 16:00,16,2,1,0,0,0,0,0,2,5,0.6667,1,1,1,0.4,19,2,0,2,0,0,0,1,24,29,0.8261,0.913,0.913,1,0.0417,0.8077,0.9231,0.9231,1,0.1034,26,3
12/31/2025 17:00,17,5,0,0,0,0,0,0,0,5,1,1,1,1,0,13,0,0,2,0,0,0,0,15,20,0.8667,0.8667,0.8667,1,0,0.9,0.9,0.9,1,0,20,0
12/31/2025 18:00,18,1,0,0,0,0,0,0,3,4,1,1,1,1,0.75,9,1,0,0,0,0,0,0,10,14,0.9,1,1,1,0,0.9091,1,1,1,0.2143,11,3
12/31/2025 19:00,19,11,0,0,0,0,0,0,3,14,1,1,1,1,0.2143,18,1,0,0,0,0,0,1,20,34,0.9474,1,1,1,0.05,0.9667,1,1,1,0.1176,30,4
12/31/2025 20:00,20,7,0,0,0,0,0,0,2,9,1,1,1,1,0.2222,7,0,0,0,0,0,0,0,7,16,1,1,1,1,0,1,1,1,1,0.125,14,2
12/31/2025 21:00,21,11,0,0,0,0,0,0,1,12,1,1,1,1,0.0833,16,0,0,0,0,0,0,0,16,28,1,1,1,1,0,1,1,1,1,0.0357,27,1
12/31/2025 22:00,22,6,0,0,0,0,0,0,2,8,1,1,1,1,0.25,9,0,0,0,0,0,0,0,9,17,1,1,1,1,0,1,1,1,1,0.1176,15,2
12/31/2025 23:00,23,17,0,0,0,0,0,0,0,17,1,1,1,1,0,14,0,0,0,0,0,0,0,14,31,1,1,1,1,0,1,1,1,1,0,31,0
1/1/2026 00:00,00,15,0,1,0,0,0,0,1,17,0.9375,0.9375,1,1,0.0588,10,0,0,0,1,0,0,0,11,28,0.9091,0.9091,0.9091,0.9091,0,0.9259,0.9259,0.963,0.963,0.0357,27,1
1/1/2026 01:00,01,22,0,1,0,0,0,0,1,24,0.9565,0.9565,1,1,0.0417,13,0,1,0,0,0,0,0,14,38,0.9286,0.9286,1,1,0,0.9459,0.9459,1,1,0.0263,37,1
1/1/2026 02:00,02,6,0,0,0,0,0,0,0,6,1,1,1,1,0,12,1,0,0,0,0,0,1,14,20,0.9231,1,1,1,0.0714,0.9474,1,1,1,0.05,19,1
1/1/2026 03:00,03,7,0,0,0,0,0,0,0,7,1,1,1,1,0,9,1,0,0,0,0,0,0,10,17,0.9,1,1,1,0,0.9412,1,1,1,0,17,0
1/1/2026 04:00,04,7,0,0,0,0,0,0,2,9,1,1,1,1,0.2222,7,0,0,0,0,0,0,0,7,16,1,1,1,1,0,1,1,1,1,0.125,14,2
1/1/2026 05:00,05,5,0,0,0,0,0,0,0,5,1,1,1,1,0,5,2,0,0,0,0,0,0,7,12,0.7143,1,1,1,0,0.8333,1,1,1,0,12,0
1/1/2026 06:00,06,3,0,0,0,0,0,0,0,3,1,1,1,1,0,3,1,0,1,0,0,0,0,5,8,0.6,0.8,0.8,1,0,0.75,0.875,0.875,1,0,8,0
1/1/2026 07:00,07,4,0,0,0,0,0,0,0,4,1,1,1,1,0,6,1,0,0,0,0,0,0,7,11,0.8571,1,1,1,0,0.9091,1,1,1,0,11,0
1/1/2026 08:00,08,7,0,0,0,0,0,0,0,7,1,1,1,1,0,8,0,0,0,0,0,0,0,8,15,1,1,1,1,0,1,1,1,1,0,15,0
1/1/2026 09:00,09,7,0,0,0,0,0,0,1,8,1,1,1,1,0.125,13,1,0,0,0,0,0,0,14,22,0.9286,1,1,1,0,0.9524,1,1,1,0.0455,21,1
1/1/2026 10:00,10,7,0,0,0,0,0,0,0,7,1,1,1,1,0,14,1,0,1,0,0,0,0,16,23,0.875,0.9375,0.9375,1,0,0.913,0.9565,0.9565,1,0,23,0
1/1/2026 11:00,11,6,0,0,0,0,0,0,3,9,1,1,1,1,0.3333,10,0,2,0,1,0,0,0,13,22,0.7692,0.7692,0.9231,0.9231,0,0.8421,0.8421,0.9474,0.9474,0.1364,19,3
1/1/2026 12:00,12,4,0,0,0,0,0,0,2,6,1,1,1,1,0.3333,8,0,1,0,1,0,0,0,10,16,0.8,0.8,0.9,0.9,0,0.8571,0.8571,0.9286,0.9286,0.125,14,2
1/1/2026 13:00,13,7,0,0,0,0,0,0,2,9,1,1,1,1,0.2222,9,0,0,1,0,0,0,0,10,19,0.9,0.9,0.9,1,0,0.9412,0.9412,0.9412,1,0.1053,17,2
1/1/2026 14:00,14,9,0,1,0,0,0,0,0,10,0.9,0.9,1,1,0,17,1,0,0,0,0,0,0,18,28,0.9444,1,1,1,0,0.9286,0.9643,1,1,0,28,0
1/1/2026 15:00,15,5,0,1,1,0,1,0,0,8,0.625,0.625,0.75,0.875,0,10,0,0,1,1,0,0,2,14,22,0.8333,0.8333,0.8333,0.9167,0.1429,0.75,0.75,0.8,0.9,0.0909,20,2
1/1/2026 16:00,16,5,0,0,0,0,0,0,2,7,1,1,1,1,0.2857,8,0,1,1,0,0,0,0,10,17,0.8,0.8,0.9,1,0,0.8667,0.8667,0.9333,1,0.1176,15,2
1/1/2026 17:00,17,7,0,0,0,0,0,0,0,7,1,1,1,1,0,10,2,0,0,0,0,0,1,13,20,0.8333,1,1,1,0.0769,0.8947,1,1,1,0.05,19,1
1/1/2026 18:00,18,7,0,0,0,0,0,0,0,7,1,1,1,1,0,11,1,0,0,0,0,0,0,12,19,0.9167,1,1,1,0,0.9474,1,1,1,0,19,0
1/1/2026 19:00,19,11,0,0,0,0,0,0,4,15,1,1,1,1,0.2667,19,0,0,0,0,0,0,0,19,34,1,1,1,1,0,1,1,1,1,0.1176,30,4
1/1/2026 20:00,20,8,1,0,0,0,0,0,3,12,0.8889,1,1,1,0.25,9,0,0,0,0,0,0,0,9,21,1,1,1,1,0,0.9444,1,1,1,0.1429,18,3
1/1/2026 21:00,21,6,0,0,0,0,0,0,1,7,1,1,1,1,0.1429,11,1,0,0,0,0,0,0,12,19,0.9167,1,1,1,0,0.9444,1,1,1,0.0526,18,1
1/1/2026 22:00,22,3,1,0,0,0,0,0,0,4,0.75,1,1,1,0,7,3,0,0,0,0,0,0,10,14,0.7,1,1,1,0,0.7143,1,1,1,0,14,0
1/1/2026 23:00,23,8,0,0,0,0,0,0,3,11,1,1,1,1,0.2727,9,0,0,1,0,0,0,0,10,21,0.9,0.9,0.9,1,0,0.9444,0.9444,0.9444,1,0.1429,18,3
1/2/2026 00:00,00,4,0,0,0,0,0,0,1,5,1,1,1,1,0.2,6,0,0,0,0,0,0,0,6,11,1,1,1,1,0,1,1,1,1,0.0909,10,1
1/2/2026 01:00,01,1,0,0,0,0,0,0,0,1,1,1,1,1,0,1,0,0,0,0,0,0,0,1,2,1,1,1,1,0,1,1,1,1,0,2,0
1/2/2026 02:00,02,1,0,0,0,0,0,0,1,2,1,1,1,1,0.5,3,0,0,0,0,0,0,0,3,5,1,1,1,1,0,1,1,1,1,0.2,4,1
1/2/2026 03:00,03,1,0,0,0,0,0,0,0,1,1,1,1,1,0,2,0,0,0,0,0,0,0,2,3,1,1,1,1,0,1,1,1,1,0,3,0
1/2/2026 04:00,04,0,0,0,0,0,0,0,0,0,0,0,0,0,0,3,0,0,0,0,0,0,0,3,3,1,1,1,1,0,1,1,1,1,0,3,0
1/2/2026 05:00,05,0,1,0,0,0,0,0,0,1,0,1,1,1,0,0,0,0,0,0,0,0,0,0,1,0,0,0,0,0,0,1,1,1,0,1,0
1/2/2026 06:00,06,4,2,0,0,0,0,0,0,6,0.6667,1,1,1,0,6,2,0,1,0,0,0,0,9,15,0.6667,0.8889,0.8889,1,0,0.6667,0.9333,0.9333,1,0,15,0
1/2/2026 07:00,07,3,0,0,0,0,0,0,0,3,1,1,1,1,0,7,3,0,0,0,0,0,0,10,13,0.7,1,1,1,0,0.7692,1,1,1,0,13,0
1/2/2026 08:00,08,6,0,0,1,0,0,0,0,7,0.8571,0.8571,0.8571,1,0,9,2,0,1,0,0,0,0,12,19,0.75,0.9167,0.9167,1,0,0.7895,0.8947,0.8947,1,0,19,0
1/2/2026 09:00,09,4,1,0,0,0,0,0,0,5,0.8,1,1,1,0,16,7,1,0,0,1,0,1,26,31,0.64,0.92,0.96,0.96,0.0385,0.6667,0.9333,0.9667,0.9667,0.0323,30,1
1/2/2026 10:00,10,3,0,0,0,0,0,0,3,6,1,1,1,1,0.5,13,2,3,1,0,0,0,0,19,25,0.6842,0.7895,0.9474,1,0,0.7273,0.8182,0.9545,1,0.12,22,3
1/2/2026 11:00,11,3,0,0,0,0,0,0,3,6,1,1,1,1,0.5,25,1,0,0,0,0,0,0,26,32,0.9615,1,1,1,0,0.9655,1,1,1,0.0938,29,3
1/2/2026 12:00,12,3,3,2,0,0,0,0,5,13,0.375,0.75,1,1,0.3846,18,2,2,0,0,0,0,0,22,35,0.8182,0.9091,1,1,0,0.7,0.8667,1,1,0.1429,30,5
1/2/2026 13:00,13,9,1,0,3,0,0,0,0,13,0.6923,0.7692,0.7692,1,0,13,3,3,2,2,2,0,2,27,40,0.52,0.64,0.76,0.84,0.0741,0.5789,0.6842,0.7632,0.8947,0.05,38,2
1/2/2026 14:00,14,3,3,0,1,0,0,0,1,8,0.4286,0.8571,0.8571,1,0.125,11,4,3,6,2,2,0,1,29,37,0.3929,0.5357,0.6429,0.8571,0.0345,0.4,0.6,0.6857,0.8857,0.0541,35,2
1/2/2026 15:00,15,5,3,0,0,0,0,0,0,8,0.625,1,1,1,0,12,2,3,0,0,0,0,0,17,25,0.7059,0.8235,1,1,0,0.68,0.88,1,1,0,25,0
1/2/2026 16:00,16,7,0,0,0,0,0,0,1,8,1,1,1,1,0.125,16,6,5,0,0,0,0,0,27,35,0.5926,0.8148,1,1,0,0.6765,0.8529,1,1,0.0286,34,1
1/2/2026 17:00,17,8,1,0,0,0,0,0,0,9,0.8889,1,1,1,0,4,7,1,1,0,0,0,0,13,22,0.3077,0.8462,0.9231,1,0,0.5455,0.9091,0.9545,1,0,22,0
1/2/2026 18:00,18,11,0,0,0,0,0,0,0,11,1,1,1,1,0,11,1,0,1,0,0,0,0,13,24,0.8462,0.9231,0.9231,1,0,0.9167,0.9583,0.9583,1,0,24,0
1/2/2026 19:00,19,9,1,0,0,0,0,0,1,11,0.9,1,1,1,0.0909,18,0,0,0,0,0,0,0,18,29,1,1,1,1,0,0.9643,1,1,1,0.0345,28,1
1/2/2026 20:00,20,11,0,0,0,0,0,0,2,13,1,1,1,1,0.1538,11,0,1,0,0,0,0,0,12,25,0.9167,0.9167,1,1,0,0.9565,0.9565,1,1,0.08,23,2
1/2/2026 21:00,21,2,0,0,0,0,0,0,3,5,1,1,1,1,0.6,8,0,0,0,0,0,0,0,8,13,1,1,1,1,0,1,1,1,1,0.2308,10,3
1/2/2026 22:00,22,4,0,0,0,0,0,0,1,5,1,1,1,1,0.2,7,1,0,0,0,0,0,0,8,13,0.875,1,1,1,0,0.9167,1,1,1,0.0769,12,1
1/2/2026 23:00,23,3,0,0,0,0,0,0,0,3,1,1,1,1,0,5,0,1,0,0,0,0,0,6,9,0.8333,0.8333,1,1,0,0.8889,0.8889,1,1,0,9,0
1/3/2026 00:00,00,2,0,0,0,0,0,0,0,2,1,1,1,1,0,8,0,1,1,0,1,0,2,13,15,0.7273,0.7273,0.8182,0.9091,0.1538,0.7692,0.7692,0.8462,0.9231,0.1333,13,2
1/3/2026 01:00,01,6,0,0,0,0,0,0,2,8,1,1,1,1,0.25,10,0,0,0,0,0,0,0,10,18,1,1,1,1,0,1,1,1,1,0.1111,16,2
1/3/2026 02:00,02,2,0,0,0,0,0,0,0,2,1,1,1,1,0,10,0,0,0,0,0,0,0,10,12,1,1,1,1,0,1,1,1,1,0,12,0
1/3/2026 03:00,03,3,1,0,0,0,0,0,0,4,0.75,1,1,1,0,6,2,0,0,0,0,0,0,8,12,0.75,1,1,1,0,0.75,1,1,1,0,12,0
1/3/2026 04:00,04,3,0,0,0,0,0,0,0,3,1,1,1,1,0,5,2,1,0,0,0,0,0,8,11,0.625,0.875,1,1,0,0.7273,0.9091,1,1,0,11,0
1/3/2026 05:00,05,1,0,0,0,0,0,0,0,1,1,1,1,1,0,7,0,2,2,0,0,0,1,12,13,0.6364,0.6364,0.8182,1,0.0833,0.6667,0.6667,0.8333,1,0.0769,12,1
1/3/2026 06:00,06,2,1,0,0,0,0,0,0,3,0.6667,1,1,1,0,6,1,0,0,0,0,0,0,7,10,0.8571,1,1,1,0,0.8,1,1,1,0,10,0
1/3/2026 07:00,07,2,0,0,0,0,0,0,0,2,1,1,1,1,0,10,0,0,0,0,0,0,1,11,13,1,1,1,1,0.0909,1,1,1,1,0.0769,12,1
1/3/2026 08:00,08,2,0,0,0,0,0,0,0,2,1,1,1,1,0,6,1,0,1,0,0,0,0,8,10,0.75,0.875,0.875,1,0,0.8,0.9,0.9,1,0,10,0
1/3/2026 09:00,09,9,0,0,0,0,0,0,0,9,1,1,1,1,0,9,4,1,0,1,0,0,0,15,24,0.6,0.8667,0.9333,0.9333,0,0.75,0.9167,0.9583,0.9583,0,24,0
1/3/2026 10:00,10,4,0,0,0,0,0,0,2,6,1,1,1,1,0.3333,11,5,0,0,0,0,0,0,16,22,0.6875,1,1,1,0,0.75,1,1,1,0.0909,20,2
1/3/2026 11:00,11,6,2,0,1,0,0,0,1,10,0.6667,0.8889,0.8889,1,0.1,15,5,0,5,1,0,0,2,28,38,0.5769,0.7692,0.7692,0.9615,0.0714,0.6,0.8,0.8,0.9714,0.0789,35,3
1/3/2026 12:00,12,2,0,0,1,0,0,0,3,6,0.6667,0.6667,0.6667,1,0.5,3,3,0,0,0,0,0,0,6,12,0.5,1,1,1,0,0.5556,0.8889,0.8889,1,0.25,9,3
1/3/2026 13:00,13,6,0,0,1,0,0,0,1,8,0.8571,0.8571,0.8571,1,0.125,12,4,1,2,0,0,0,0,19,27,0.6316,0.8421,0.8947,1,0,0.6923,0.8462,0.8846,1,0.037,26,1
1/3/2026 14:00,14,13,4,1,4,1,0,0,0,23,0.5652,0.7391,0.7826,0.9565,0,4,1,1,2,1,0,0,0,9,32,0.4444,0.5556,0.6667,0.8889,0,0.5313,0.6875,0.75,0.9375,0,32,0
1/3/2026 15:00,15,2,0,0,0,0,0,0,2,4,1,1,1,1,0.5,4,4,2,2,0,0,0,1,13,17,0.3333,0.6667,0.8333,1,0.0769,0.4286,0.7143,0.8571,1,0.1765,14,3
1/3/2026 16:00,16,6,2,1,1,0,0,0,3,13,0.6,0.8,0.9,1,0.2308,6,2,1,1,0,0,0,0,10,23,0.6,0.8,0.9,1,0,0.6,0.8,0.9,1,0.1304,20,3
1/3/2026 17:00,17,6,0,1,0,0,0,0,1,8,0.8571,0.8571,1,1,0.125,10,2,1,0,0,0,0,0,13,21,0.7692,0.9231,1,1,0,0.8,0.9,1,1,0.0476,20,1
1/3/2026 18:00,18,10,0,0,0,0,0,0,0,10,1,1,1,1,0,11,3,0,3,0,1,0,0,18,28,0.6111,0.7778,0.7778,0.9444,0,0.75,0.8571,0.8571,0.9643,0,28,0
1/3/2026 19:00,19,8,0,0,0,0,0,0,0,8,1,1,1,1,0,11,1,0,0,0,0,0,0,12,20,0.9167,1,1,1,0,0.95,1,1,1,0,20,0
1/3/2026 20:00,20,9,2,1,1,1,0,0,1,15,0.6429,0.7857,0.8571,0.9286,0.0667,9,0,0,0,0,0,0,0,9,24,1,1,1,1,0,0.7826,0.8696,0.913,0.9565,0.0417,23,1
1/3/2026 21:00,21,11,0,0,0,0,0,0,0,11,1,1,1,1,0,9,0,1,1,0,1,0,1,13,24,0.75,0.75,0.8333,0.9167,0.0769,0.8696,0.8696,0.913,0.9565,0.0417,23,1
1/3/2026 22:00,22,5,0,0,0,0,0,0,0,5,1,1,1,1,0,12,0,0,0,0,0,0,0,12,17,1,1,1,1,0,1,1,1,1,0,17,0
1/3/2026 23:00,23,4,0,0,0,0,0,0,0,4,1,1,1,1,0,10,1,0,0,0,0,0,0,11,15,0.9091,1,1,1,0,0.9333,1,1,1,0,15,0
